clientId,name,location
1,Kristina King,Texas
2,Crystal Wall,Ohio
3,Yesenia Peterson,Ohio
4,Brenda Collins,Texas
5,Donald Simmons,Ohio
6,David Hanson,New York
7,Brittney Patterson,Ohio
8,Sandra Malone,California
9,Noah Jones,New York
10,Valerie Patton,Florida
11,Nancy Bryan,Florida
12,Harold Williams,California
13,Christina Spears,Texas
14,Nicole Jordan,New York
15,Danielle Gonzalez,New York
16,Holly Smith,Florida
17,Kimberly Graham,Ohio
18,Christopher Benitez,California
19,Michelle Bright,Ohio
20,Allison Steele,New York
21,Bradley Burch,California
22,Dr. Marcus Byrd,Florida
23,Benjamin King,Ohio
24,Kelly Mcclain,Texas
25,Roger Palmer,California
26,Christopher Campbell,Texas
27,Philip Tucker,Ohio
28,Martin Tyler,Florida
29,Benjamin Pratt,Florida
30,Andrew Price,California
31,Robert Glover,Ohio
32,Steven Wallace,New York
33,Alan Prince,Ohio
34,Zoe Cooley,Texas
35,Carla Monroe,Ohio
36,Darren Rangel,Florida
37,Michael Madden,Texas
38,Gabrielle Woods,California
39,Sarah Dawson,California
40,Krista Lester,California
41,Maxwell Singh,New York
42,Stephanie Russell,Ohio
43,Jeremy Williams,New York
44,Tiffany Mcfarland,New York
45,Micheal Ramirez,Ohio
46,Jesus Rodriguez,Texas
47,Mary Keller,New York
48,Eric Hudson,New York
49,Sarah Fitzpatrick,Florida
50,James Robinson,California
51,Kenneth Cruz,New York
52,Jacqueline Torres,Ohio
53,Michael Parrish,New York
54,Christopher Ware,Ohio
55,Jamie Terry,California
56,Tina Mcgee,Florida
57,Cheryl White,Florida
58,Jennifer Williams,California
59,Pedro Marsh,Texas
60,Michael Conley,New York
61,Marie Ryan,Florida
62,Taylor Marsh,California
63,Maria Henry,New York
64,Eric Vargas,Texas
65,Rachael Rodriguez,California
66,Mrs. Crystal Wright,Florida
67,Kristin Coleman,Florida
68,Jacqueline Palmer,Ohio
69,Linda Anderson,Texas
70,Dana Day,New York
71,Adam Powell,New York
72,Nathan Davidson,Texas
73,Jessica Thompson,Ohio
74,Robert Ellis,Florida
75,Keith Durham,Florida
76,John Harris,Texas
77,Malik Harper,Texas
78,Shaun Porter,Florida
79,Kelly Thompson,Texas
80,John Terry,California
81,Stephanie Harris,Ohio
82,Cody Burns,Texas
83,Kerry Cunningham,Ohio
84,Jennifer Hayden,Ohio
85,Eric Abbott,New York
86,Ashley Wilson,Ohio
87,Lynn Graham,Texas
88,Stephen Marsh,Texas
89,Derek Flores,Florida
90,Kathy Gibson,Florida
91,Paula Jackson,New York
92,Robert Villarreal,Ohio
93,James Miller,California
94,Jason Miller,New York
95,Harold Boyd,California
96,Richard Thomas,California
97,Heather Wood,Florida
98,Ms. Mary Elliott,Florida
99,Jonathan Briggs,New York
100,Danielle Mcclain,New York
101,James White,New York
102,Belinda Dean,New York
103,Jean Moore,California
104,Dawn Gilmore,Ohio
105,James Miller,California
106,Jon Smith,Texas
107,Carlos Anderson,Texas
108,Christopher Ray,California
109,David Robinson,Ohio
110,James Vasquez,Florida
111,Julia Jimenez,Ohio
112,Denise Vaughn,New York
113,Sean Palmer,New York
114,James Snow,Ohio
115,Drew Bailey,Florida
116,Jennifer Wall,Ohio
117,Melissa Huynh,Ohio
118,Annette Jenkins,Florida
119,Evan Martinez,Florida
120,Gregory Skinner,Florida
121,Dawn Gonzalez,Ohio
122,Sheila Aguirre,Florida
123,Kimberly Dunn,California
124,Michael Miles,Texas
125,Ashley Smith,Ohio
126,Tanya Wang,New York
127,Sergio Smith,California
128,Amanda Brown,Texas
129,Christina Johnson,Ohio
130,John Ryan,Florida
131,Jackie Molina,Texas
132,Cory Powell,California
133,Christopher Clark,Texas
134,Marie Villegas,Texas
135,James Crosby,Ohio
136,Michael Smith,Ohio
137,Alexander Silva,California
138,Jeffery Alvarez,Texas
139,Morgan Castillo,New York
140,Alyssa Ellis,Texas
141,Lori Hartman,Texas
142,Jennifer Hansen,Ohio
143,William Martin,Texas
144,Scott Walker,California
145,Mike Lewis,Ohio
146,Hannah Arnold,California
147,Sandra Ryan,California
148,Kyle Ingram,Texas
149,Julie Wilcox,Ohio
150,Chad Freeman,New York
151,Lisa Preston,California
152,Linda Jackson,Florida
153,Jennifer Walker,California
154,Paul Chavez,Ohio
155,Angela Wallace,California
156,Benjamin Henderson,California
157,Molly Shelton,Texas
158,Joseph Hancock,Florida
159,Lori Price,Ohio
160,Daniel Macias,California
161,Teresa Pena,Florida
162,Tara Kidd,New York
163,Megan Hicks,Texas
164,Tamara Green,Ohio
165,Amber Schaefer,Texas
166,Mary Jones,California
167,Norman Reyes,New York
168,Thomas Perry,Florida
169,Patrick Thomas,Florida
170,Karen Brewer,California
171,Teresa Ritter,Ohio
172,Christine Woods,New York
173,James Thompson,Florida
174,Collin Jones,Texas
175,Cassandra Ewing,Texas
176,Larry Clay,California
177,Sabrina Young,New York
178,Michele Hicks,New York
179,John Warren,Ohio
180,Danielle Valenzuela,Florida
181,Terry Jones,Florida
182,Peter Campbell Jr.,Ohio
183,Maria Johnson,Ohio
184,Anna Thomas,California
185,Rebecca Hall,Texas
186,Patrick Evans,Ohio
187,Ryan Moon,California
188,Vanessa Fleming,New York
189,David Mitchell,Ohio
190,Cindy Wheeler,California
191,Lisa Lopez,Florida
192,Mikayla Ware,California
193,Sherry Jackson,California
194,Anne Campbell,New York
195,Michelle Holloway,Florida
196,Earl Freeman,Ohio
197,Kathleen Martinez,Texas
198,Alexander Ramos,New York
199,Stephanie Padilla,Texas
200,Greg Johnson,Florida
201,Brandon Griffin,Ohio
202,Michael Frederick,New York
203,Ronald Ruiz,Texas
204,Sara Daniels,Florida
205,Michael Lee,New York
206,Sharon Perez,Ohio
207,Monica Becker,Ohio
208,Carlos Johnson,New York
209,Alicia Smith,California
210,Gary Jennings,Ohio
211,Brenda Cannon,Texas
212,Wayne Alvarado,Texas
213,Kevin Ellis,Texas
214,Jennifer Bailey,Ohio
215,Raymond Peterson,New York
216,Michael Hart,New York
217,Kevin Ramirez,Ohio
218,Derek Guerrero,New York
219,Michelle Adams,California
220,Tyler Arnold,Florida
221,Scott Scott,Florida
222,Brittany Rice,New York
223,Alicia Johnson,Ohio
224,Veronica Mitchell,New York
225,Matthew Miller,New York
226,Doris Hendrix,Texas
227,Chloe Williams,Texas
228,Michael Bolton,California
229,Todd Horton,Texas
230,Samuel Flores,Florida
231,Molly Harmon,Florida
232,Christine Mcdonald,Florida
233,Michael Smith,Florida
234,Abigail Reid,California
235,Debra Swanson,Texas
236,Christina Rosario,Ohio
237,Tammy Haynes,Florida
238,James Richardson,California
239,Richard Henderson,Texas
240,Nicole Crane,Florida
241,Alex Lozano,Ohio
242,Luke Ochoa,Texas
243,Cheryl Fitzpatrick,Florida
244,Larry Smith,Texas
245,Shelley Hernandez,Texas
246,Timothy Johnson,Ohio
247,Rebecca Ross,Ohio
248,Emily Arnold,Texas
249,Mr. Erik Scott,Florida
250,Christian Mercer,New York
251,Joshua Gibson,Florida
252,Whitney Bradley DDS,Ohio
253,Brandon Torres Jr.,California
254,Stephen Benton,California
255,Adrian Gordon,Ohio
256,James Austin,Texas
257,Heather Collier,California
258,Laura Mendoza,New York
259,Heather Hoover,Florida
260,Ryan Taylor,Ohio
261,David Smith,New York
262,Terrence Neal,New York
263,Diana Glenn MD,California
264,Alicia Strong,Texas
265,Michael Martinez,Florida
266,Jeffrey Price,Ohio
267,Darlene Haynes,California
268,Hunter Williams,California
269,Christine Mcbride,Texas
270,Tina Delgado,Texas
271,Jennifer Robinson,New York
272,Phillip Shelton,Florida
273,David Miller,Texas
274,Christopher Turner,Florida
275,Laurie Khan,California
276,Kevin Jackson MD,Texas
277,Hailey Sloan,Ohio
278,Janice Patterson,Ohio
279,Cheryl Gordon,California
280,Gregory Shea,California
281,Erika Jackson,Texas
282,Pedro Gonzalez,New York
283,Russell Krueger,Texas
284,Jeremy Vargas,Ohio
285,Allison Ryan,Ohio
286,Patrick Benjamin,Ohio
287,Yolanda Perry,New York
288,Gina Mccarthy MD,California
289,Christina Foster,California
290,Daniel Jones,Florida
291,Melanie Harmon,Ohio
292,Mr. Aaron Olsen DVM,Texas
293,Jose Mooney,Ohio
294,Morgan Hernandez,California
295,Paul Kelly,Texas
296,Janet Mcneil,Florida
297,Heidi Heath,New York
298,Sydney Odom,California
299,Brianna Hernandez,California
300,Ian Kaiser,New York
301,Kelly Benjamin,Ohio
302,Katie Powell,New York
303,Jeff Lopez,Florida
304,Taylor Haney,New York
305,Ryan Patel,Texas
306,Ariana Kelley,New York
307,Robert Scott,Texas
308,Leonard Spears,Florida
309,Travis Edwards,New York
310,Elizabeth Griffin,Ohio
311,Lori Edwards,California
312,Taylor James,New York
313,Stephanie Johnson,Ohio
314,William Anderson,New York
315,Jacob Duran,Florida
316,Jesse Martinez,California
317,Rebecca Pearson,Ohio
318,Alexis Fletcher,California
319,Marissa Dixon,Texas
320,Brooke Ford,Texas
321,James Alvarado,California
322,Linda Brown,Texas
323,Brooke Hawkins,Texas
324,Tina Meyer,Texas
325,Frances Davis,Texas
326,Jessica Anderson,New York
327,Karina Davis,New York
328,Christopher Jimenez,Ohio
329,Ashley Carey,California
330,Tonya Lowery,Ohio
331,Bradley Jenkins,New York
332,Kelly Ibarra,Ohio
333,Natasha Thomas,New York
334,Heather Herrera,Texas
335,Dennis Burns,Ohio
336,Nicholas Robinson,Ohio
337,Shannon Nguyen,California
338,Michelle Holt,Ohio
339,Jaclyn Anderson,Ohio
340,William Roman,Ohio
341,Nicholas Foster,Florida
342,Erin Hardy,Texas
343,Leslie Nelson,California
344,Isaac Howell,California
345,Shawn Jensen,California
346,William Pierce,Florida
347,Christopher Bautista,California
348,Brooke Maxwell,Ohio
349,Jacob Stevens,Texas
350,Jeffrey Hunt,Texas
351,Chad Mcintyre,New York
352,Jason Sutton,Florida
353,James Escobar,California
354,Aaron Rubio,New York
355,Katherine Richard,New York
356,Teresa Smith,Florida
357,James Moore,Ohio
358,William Thomas,Ohio
359,Brett Golden,Florida
360,Amber Hall,Texas
361,Claudia Mendoza,California
362,James Cain,New York
363,Brenda Cook,New York
364,Mr. Joshua Williams,California
365,Gloria Bennett,Texas
366,Erica Smith,Florida
367,Jennifer Coleman,Ohio
368,Sean Byrd,Florida
369,Samuel Alexander MD,Texas
370,Dylan Wilson,New York
371,Lucas Warren,Ohio
372,Cody Bailey,New York
373,Veronica Rodriguez,Ohio
374,Matthew Crane,California
375,Samuel Leach,Ohio
376,Willie Briggs,Florida
377,David Moreno,New York
378,Anthony Smith,Florida
379,Frances Perry,Ohio
380,Tina Mcclure,California
381,Sabrina Green,California
382,Matthew Irwin,New York
383,Andrew Hopkins,Texas
384,Russell Mason,California
385,Antonio Lopez,Florida
386,Katie Weeks,California
387,Michael Mitchell,New York
388,Dana Dawson,California
389,Mary Mccall,California
390,Thomas Henry,Florida
391,David Hurley,Texas
392,Jessica Kaiser,Florida
393,Nancy Harris,California
394,Leslie Pratt,Texas
395,James Chambers,New York
396,Kristopher Roman,New York
397,Kenneth Hughes,Florida
398,Richard Forbes,New York
399,Reginald Randolph,Ohio
400,Tammy Gonzalez,New York
401,Mark Whitaker,Florida
402,Breanna Adams,Texas
403,Michael Duncan,Florida
404,Dennis Howard,Florida
405,Theresa Mccoy,Florida
406,Stacey Smith,Florida
407,Sheryl Norris,Texas
408,Joseph Christian,Florida
409,Terrence Holmes,California
410,Rachel Jackson,Texas
411,Timothy Robertson DDS,New York
412,Mr. Mark Watkins MD,California
413,Amy Little,Texas
414,Joanne Lopez,New York
415,Felicia Nunez,Texas
416,Jennifer Boyd,California
417,Kimberly Gates,Ohio
418,Dr. Erica Arnold,New York
419,Donna Brown,California
420,Wendy Payne,Florida
421,James Flores,Ohio
422,Marcia King,Ohio
423,Teresa Russo,Ohio
424,Eddie Hall,California
425,Joseph Morrison,Ohio
426,Edward Quinn,New York
427,Heidi Morales,New York
428,Julie Hale,Florida
429,Jennifer Hunt,Texas
430,Amy Flores,California
431,Kristina Harmon,Texas
432,Donald Waller,Texas
433,Katherine Wilson,Texas
434,Lisa Pena,California
435,Timothy Vincent,California
436,Mckenzie Hale,New York
437,Christina Glover,New York
438,Michael Howard,Texas
439,Vanessa Clark,New York
440,David Riggs,Florida
441,Jamie Rodriguez,California
442,Mrs. Caitlin Sandoval,Ohio
443,Anne Fletcher,California
444,Christopher Baker,Texas
445,James Arnold,Florida
446,Anita Mathews,California
447,Glenn Schultz,Texas
448,Timothy Smith,Texas
449,Jeremiah Rios,Florida
450,Leah Barnes,California
451,Ruth Wilson,Ohio
452,Larry Perry,California
453,Marisa Turner,Florida
454,Patricia Martinez,Texas
455,Christopher Phillips,Texas
456,Shannon Thompson,California
457,Bryan Brennan,Ohio
458,Peter Zhang,Texas
459,Katherine Griffith,California
460,Kirk Powell,Florida
461,Richard Howard,New York
462,Ruben Roberts,Florida
463,John Richard,California
464,Matthew Montes,Texas
465,Paul Davis,Texas
466,Samantha Rich,Ohio
467,Michael Strickland,Florida
468,Dana Stokes,Texas
469,Joshua Sexton,New York
470,Mary Thompson,California
471,Melissa Stevens,Ohio
472,Danielle Gonzalez,California
473,Maureen Murphy,Florida
474,Mckenzie Mcknight,Texas
475,Dakota Carr,California
476,Rebecca Kirk DDS,Texas
477,Stacy Harvey,New York
478,Lisa Matthews,New York
479,Michael Duffy,Ohio
480,Nicholas Morales,Florida
481,Lori Williamson,Texas
482,Shelly Gill,New York
483,Nicholas Brewer,New York
484,Alexis Wilson,New York
485,Robert Fleming,Texas
486,Francisco Myers,Florida
487,Olivia Branch,California
488,Jessica Kennedy,New York
489,Carrie Kennedy,New York
490,Patricia Pierce,California
491,Danielle Kim,Florida
492,Danielle French,New York
493,Michelle Ross,California
494,Amanda Jones,Florida
495,Matthew Miller,Texas
496,Robert Davis,Florida
497,John Ray,California
498,Whitney Mills,New York
499,Tracey Warner,Ohio
500,James Anderson,New York
501,Keith Turner,Florida
502,Joshua Simmons,New York
503,Bradley Randolph,New York
504,Nicholas Howe,Florida
505,Andrea Watson,Florida
506,Isaac Allen,California
507,Eric Navarro MD,California
508,Robert Dudley,California
509,Norma Brown,Texas
510,Cassandra Warner,California
511,Paul Hill,Florida
512,Evelyn Kim,New York
513,Penny Neal,New York
514,Jacob Morgan,California
515,Thomas Wallace,Florida
516,Andrew Wright,New York
517,Daniel Fields,New York
518,Erin Mcfarland,Texas
519,Derrick Ramos,New York
520,Ryan Lambert,New York
521,Terri Cameron,Texas
522,Clinton Stephens,Ohio
523,Elizabeth Humphrey,Texas
524,Richard Jackson,Florida
525,Matthew Gomez,California
526,Jason Glover,Florida
527,Ricardo Perkins,Ohio
528,Eric Jimenez,Ohio
529,Vanessa Potts,California
530,Barbara Griffin,Florida
531,Alan Miller,California
532,Roberto Coleman,Florida
533,Dr. Isaac Fischer,Texas
534,Andrew Howard,California
535,Karen Holmes,Texas
536,Kimberly Copeland,Texas
537,Kyle Ortiz,Ohio
538,John Arias,California
539,Vanessa Rosario,Florida
540,Steven Patterson,California
541,Nicole Cardenas,Florida
542,Audrey Jackson,New York
543,Patrick Trujillo,Texas
544,Kevin Brown,Texas
545,Nancy Brown,California
546,Michael Evans,Florida
547,Linda Mitchell,Texas
548,Shane Williams,California
549,Nicholas Cole,New York
550,Joseph Moss,Florida
551,Michelle Compton,Ohio
552,Richard Pena,Florida
553,Andrew Harrison,New York
554,Wendy Smith,Ohio
555,Natalie Bush,Texas
556,James Gray,New York
557,Charlene Wright,California
558,Jeffrey Schneider,California
559,Joanne Burnett,California
560,Teresa Carter,Florida
561,Jeanette Farrell,California
562,Ethan Jones,Texas
563,Tonya Lawson,Ohio
564,Pamela Fleming DVM,Texas
565,Justin Brown,Ohio
566,Stacy Morales,Texas
567,Larry Neal,Texas
568,Stephen Fitzpatrick,California
569,Amber Kim,Texas
570,Austin Allen,Texas
571,Kristina Crawford,Ohio
572,Andrea Nicholson,New York
573,Rebecca Wagner,California
574,Justin Rojas,Ohio
575,Patricia Hughes MD,Texas
576,Kimberly Lewis,New York
577,Christopher Young,California
578,Robert Matthews,Texas
579,Vicki Cooper,Texas
580,Jorge Lopez,California
581,Alejandra Jackson,California
582,Miranda Jimenez,Ohio
583,Mary Wilson,California
584,Timothy James,California
585,Kathryn Harvey,Florida
586,Aimee Jimenez,New York
587,Justin Patterson,Florida
588,Benjamin Frank MD,California
589,John Ramsey,California
590,Carlos Gray,Ohio
591,Michelle Mcdaniel,Texas
592,Jessica Ingram,California
593,Carmen Newman,California
594,Richard Wilson,California
595,Leslie Caldwell,California
596,Eric Sandoval,Ohio
597,Marvin Freeman,Florida
598,Miss Amanda Morales,Ohio
599,Kelly Roberts,Texas
600,Joseph Hernandez,New York
601,Robert Smith,New York
602,Angela Bautista,Texas
603,Joshua Young,Florida
604,Gary Rodriguez,Ohio
605,Wayne Roberts,Ohio
606,David Perez,New York
607,Daniel Sanchez,Texas
608,Jose Martinez,New York
609,Duane Moore,Florida
610,Angela Graves DVM,California
611,Scott Wells,Ohio
612,Matthew Bennett,Texas
613,Robert Foley,Florida
614,Patrick Parks,Ohio
615,Robert Rogers,Texas
616,Dr. Jennifer Gray,New York
617,Heather Maxwell,California
618,Angela Hughes,California
619,Christine Mitchell,Florida
620,Anthony Walker,New York
621,Jennifer Nelson,Texas
622,Michael Powell,Ohio
623,Jeff Gomez,Florida
624,Morgan Edwards,California
625,Monique Watson,Florida
626,Jared Williams,Ohio
627,Sandra Murphy,Florida
628,Robert Beck,Texas
629,John Williams,Texas
630,Ryan Eaton,Florida
631,Daniel Sandoval,California
632,Stephanie Gardner PhD,Florida
633,Melissa Booth,New York
634,Antonio Reed,California
635,Sandra Patel,Ohio
636,Patricia Cooper,Texas
637,Thomas Pratt,California
638,Andrea Brown,Florida
639,Elizabeth Holmes,New York
640,Terry Ross,New York
641,James Anderson,Florida
642,Richard Burgess,Texas
643,Donald Thompson,Ohio
644,Renee Mills,Ohio
645,Kristin Campbell,California
646,Betty West,New York
647,William Haynes,Florida
648,Julie Parks,New York
649,Amber Brooks,New York
650,Jon Henry,Texas
651,Randy Jackson,Florida
652,Timothy Harmon,California
653,Randall Gutierrez,California
654,Alexandra Swanson,Texas
655,Raymond Mcgee,New York
656,Nathaniel Russell,California
657,Omar Wilson,Texas
658,Cesar Sullivan,Ohio
659,Patricia Garza,Florida
660,Angela Charles,California
661,April Neal,California
662,Gail Herring,Texas
663,David Guerra,Texas
664,William Jackson DDS,Texas
665,Timothy White,Ohio
666,Sandra Webster,California
667,Erin Rich,Ohio
668,John Reed,Texas
669,Kevin Campbell,Texas
670,Jason Adams,Florida
671,Ernest Walter,Ohio
672,Angel Webb,California
673,Anthony Cohen,California
674,Scott Stewart,Texas
675,Isaac Smith,Florida
676,Kathleen Mathis,Texas
677,Ryan Vasquez,California
678,Willie Fitzpatrick,New York
679,Darlene Chung,Florida
680,Timothy Nguyen,California
681,Katrina Patrick,Ohio
682,George Martin,Texas
683,David Romero,Ohio
684,Diana Bennett,New York
685,Hector Coffey,Ohio
686,Sara Mendez,Texas
687,Alan Williams,California
688,Deanna Nichols,New York
689,Diana Munoz,New York
690,Christopher Vargas,New York
691,Adam Hudson,California
692,Russell Allen,Florida
693,James Molina,Florida
694,Jade Patterson,New York
695,William Taylor,California
696,Jennifer Wright,California
697,Tyler Ramos,California
698,Stephanie Jacobs,New York
699,Jose Smith,California
700,Sara Sanchez,Texas
701,John Hurley,Ohio
702,Ryan Jones,Texas
703,Annette Miller,Texas
704,Shannon Martinez,Florida
705,Xavier Coleman,Ohio
706,Dana Herrera,Texas
707,Leonard Jackson,Ohio
708,Erik Phillips,Texas
709,Kyle Wright,New York
710,Tyler Kim,Ohio
711,Evan Huff,California
712,Patrick Rodriguez,Texas
713,Dale Miller,California
714,John Jackson,California
715,Gary Tucker,Texas
716,Evan Pruitt,New York
717,Angela Hodge,Florida
718,Tracy Parrish,California
719,Casey Weaver,California
720,Patricia Clark,New York
721,Curtis Lyons,Florida
722,Amanda Murphy,Ohio
723,Ashley Adams,Florida
724,Dr. Shawn Brown,Ohio
725,Jennifer Anderson,Texas
726,Julie Myers,Ohio
727,Denise Anderson,New York
728,Raymond Ward,Texas
729,Steve Hall,Florida
730,Troy Cox,Ohio
731,Paul Reed,New York
732,Kelly Collins,Florida
733,Matthew Crosby,New York
734,David Herring,Ohio
735,Kathleen Nunez,New York
736,Stacey Davis,Ohio
737,Patrick Bowers,Florida
738,Daniel Frederick,Texas
739,Beth Price,Ohio
740,Anne Durham,New York
741,Jeffrey Shah,California
742,Ronald Diaz,Texas
743,Andrew Anderson,New York
744,Thomas Ortega,New York
745,Tonya Jones,Ohio
746,Jennifer Clay,Florida
747,Jose Estrada,Ohio
748,David Gomez,Florida
749,Austin Le,Ohio
750,Richard Smith,California
751,Brian Walker,California
752,Mrs. Mary Jenkins MD,New York
753,Karen Francis,New York
754,Todd Burke,Florida
755,Nancy Foley,Florida
756,John Clarke,California
757,Mr. William Barnett,Texas
758,Kristina Smith,California
759,Danielle Gallegos,Ohio
760,Sarah Burch,Texas
761,Shannon Allen,New York
762,Jennifer Coleman,Florida
763,Jennifer Bowers,New York
764,Christopher Hogan,Texas
765,Ryan Torres,Texas
766,Antonio Thompson,Texas
767,Brent Jones,Texas
768,Katherine White,California
769,Adam Swanson,California
770,Casey Garner,Texas
771,Tanya Brown,Texas
772,Crystal Cochran,Ohio
773,Zachary Bauer,Florida
774,Haley King,California
775,Karen Caldwell,Texas
776,Lindsay Ball,California
777,Susan Campbell,New York
778,Timothy Mullen,Florida
779,Edward Johnson,Florida
780,Eric Silva,Ohio
781,Tiffany White,Ohio
782,Jeffrey Lewis,New York
783,Margaret Bush,Florida
784,Katie Hines,California
785,Nicole West,Florida
786,Joshua Contreras,California
787,Daniel Lee,Florida
788,Rebecca Mcdowell,New York
789,Justin Villa,California
790,Krista Russell,New York
791,Collin Stanley,Texas
792,Carol Pruitt,California
793,Andrew Coleman,Ohio
794,Andrew Kemp,Florida
795,Cristian Miller,New York
796,Rachel Carter,Florida
797,Shelby Cooke,New York
798,Melinda Arnold,Ohio
799,Chad Kelley,New York
800,Janet Butler,New York
801,Karen Anderson,Florida
802,Danielle Munoz,New York
803,Kenneth Romero,Ohio
804,Joseph Charles,California
805,Haley Vargas,Florida
806,Steven Cannon,Texas
807,Andrea Alvarez,California
808,Ryan Stephens,California
809,Ricky Fitzgerald,Florida
810,Angelica Moore,California
811,Randy Sparks,Ohio
812,Sydney Thompson,Texas
813,Matthew Bishop MD,New York
814,Amanda Mann,Texas
815,Ashley Gomez,Texas
816,Sara Gonzalez,Florida
817,Dr. John Peterson,New York
818,Carlos Franklin,New York
819,Dustin James,New York
820,Janice Potter,Texas
821,James Francis,Texas
822,Clarence Doyle,Ohio
823,Michelle Velazquez,California
824,Phillip Brown,Ohio
825,Seth Lawson,Texas
826,Lisa Black,Texas
827,Nicholas Martinez,New York
828,William Banks,New York
829,Christopher Fuentes,Ohio
830,Alicia Bradley,Florida
831,Ian Miller,California
832,Holly Hale,Texas
833,Brian Gallegos,New York
834,Heidi Roberts,Florida
835,Sarah Gates,California
836,Dennis Garcia,Texas
837,Stephanie Watkins,Florida
838,Michele Graham,California
839,Steven Gonzalez,California
840,Scott Mercado,New York
841,Laura Schultz,New York
842,Matthew Edwards,Texas
843,Jessica Turner,California
844,Troy Williamson,California
845,Jeremiah Gonzalez,Ohio
846,Hector Jones,New York
847,Julia Shepherd,Ohio
848,Rachel Vaughan,New York
849,Lisa Gonzalez,Texas
850,Danielle Edwards,New York
851,Emily Holmes,New York
852,Kenneth Cain,Ohio
853,Nathan Bruce,Ohio
854,Bryan Brown,Texas
855,Emily Marshall,Texas
856,Sara Gould,Florida
857,Tina Snyder,Texas
858,Carolyn Crosby DDS,New York
859,Jeffrey Johnson,Ohio
860,Mikayla Bradley,California
861,Brenda Scott,California
862,William Bowman,Texas
863,Craig Hernandez,Ohio
864,Charles Vincent,New York
865,Amy Clark,California
866,Michaela Lang,California
867,Thomas Jones,Ohio
868,Brett Clements,Florida
869,Teresa Juarez,California
870,Raymond Thompson,New York
871,Heather Hernandez,Florida
872,Roy Garcia,Texas
873,Alexander Lee,Texas
874,Jessica Fields,Florida
875,Lynn Jacobs,Texas
876,Kimberly Morgan,California
877,Gary Adams,Texas
878,Charles Martin,Ohio
879,Todd Holland,New York
880,Rebecca Castaneda,New York
881,Ashley Mckinney,New York
882,Jacqueline Sloan,California
883,Natalie Jones,California
884,Jamie Webster,Florida
885,Alexander Rodriguez,Texas
886,Brian Taylor,New York
887,Monica Shannon MD,New York
888,Chad Glover,California
889,Lisa Donovan,Texas
890,Gerald Young,Florida
891,Julia Dorsey,Florida
892,Michael Hawkins,California
893,Amanda Sullivan,Ohio
894,Jennifer Cline,Florida
895,Melissa Frederick,California
896,Angela Wilson,California
897,Timothy Mercer,Florida
898,Ashley Nguyen,Texas
899,Rose Diaz,Ohio
900,Chris Ho,Ohio
901,Sara Baker,Florida
902,Tara Morrison,California
903,Amy Patterson,Texas
904,Ashley Chavez,Texas
905,Ricardo Hayden,California
906,Stacy Hernandez,Florida
907,Andrew Morton,Ohio
908,Steven Greene,Florida
909,Patrick Hall MD,Florida
910,Rachel Bowen,Florida
911,Lisa Lawrence,Florida
912,Jerry Gutierrez,Florida
913,Gina Jenkins,New York
914,Shelby Hill,Florida
915,Theresa Ochoa,Florida
916,Dana Woodward,California
917,Stephanie Nguyen,Florida
918,Nicole Costa,California
919,Craig Allen,Ohio
920,Kimberly Silva,Texas
921,Angela Floyd,Ohio
922,Janice Cox,Florida
923,Karl Leblanc,Texas
924,Dr. Juan Williams,Texas
925,Gary Baker,California
926,Gary Mckenzie,California
927,Connie Stanley,New York
928,Ashley Torres,Florida
929,Keith Lynn,Texas
930,Lisa Gaines,Ohio
931,Samantha Martin,Ohio
932,Gregory Lewis,Ohio
933,Johnny Elliott,New York
934,Faith Walker,Texas
935,Devin Green,Florida
936,Frank Williams,New York
937,Tara Adkins,Ohio
938,Mr. Kenneth Villarreal,California
939,Victoria Luna,New York
940,Glenda Tucker,Texas
941,Hannah White,New York
942,Norma Miller,Ohio
943,Charles Jones,California
944,Whitney Hutchinson,Ohio
945,Michelle Ayers,Texas
946,Julia Garcia,California
947,Tiffany Grant,New York
948,Eric Church,New York
949,Jose Hall,Texas
950,Jeffrey Hudson,Ohio
951,Richard Murray,Florida
952,Jennifer Porter,Texas
953,Christopher Thomas,Texas
954,Crystal Gonzalez,Ohio
955,Rhonda Werner,Florida
956,James Rowe,California
957,Tyler Briggs,Ohio
958,Mitchell Gonzalez II,Texas
959,Richard Frederick,Florida
960,Angela Figueroa,Ohio
961,April Berg MD,California
962,Alexis Willis,Texas
963,Christopher Conley,California
964,Gary Nelson,Texas
965,Rebecca Anderson,California
966,Shannon White,Florida
967,Mark Patrick,California
968,Tina Barrett,Ohio
969,Emma Henderson,Texas
970,Victoria Torres,California
971,Deborah Zamora,California
972,Michael Allen,Ohio
973,Micheal Scott,Texas
974,Tommy Gardner,Texas
975,Donald Hurley,Ohio
976,Meghan Rivera MD,Texas
977,Mr. Shane Meyer,Ohio
978,David Lane,Ohio
979,Miss Danielle Woodard,Florida
980,Kelly Weaver,Florida
981,Ronald Anderson,Florida
982,Joel Robinson,Ohio
983,William Kelly,California
984,Timothy Montes,Ohio
985,Keith Zamora,Ohio
986,Angela Parker,Ohio
987,Emily Jackson,California
988,Jonathan Wright,Ohio
989,Sheri Mccormick,Florida
990,James Hodges,Florida
991,Kristen Watson,Ohio
992,Catherine Pratt,Ohio
993,Laura Wagner,New York
994,Renee Smith,Texas
995,Tyler Smith,California
996,Scott Kim,Florida
997,Martha Jefferson,California
998,Ashley Thomas,California
999,Brett Martin,Ohio
1000,Michael Ortega,New York
